,protocol,parameter,condition,ICC,good
0,Lund_Circle_2deg,measurement_duration_HV_s,WR,0.05675359859586875,
1,Lund_Circle_2deg,measurement_duration_HV_s,SD,-0.08222287188157101,
2,Lund_Circle_2deg,trajectory_length_HV_deg,WR,0.37840672152410365,
3,Lund_Circle_2deg,trajectory_length_HV_deg,SD,0.6386354558092762,
4,Lund_Circle_2deg,trajectory_length_H_deg,WR,0.42021125745590865,
5,Lund_Circle_2deg,trajectory_length_H_deg,SD,0.6294644347165884,
6,Lund_Circle_2deg,trajectory_length_V_deg,WR,0.3049648358635007,
7,Lund_Circle_2deg,trajectory_length_V_deg,SD,0.6226479329115503,
8,Lund_Circle_2deg,BCEA68_HV_deg^2,WR,0.664152728262562,
9,Lund_Circle_2deg,BCEA68_HV_deg^2,SD,0.559641758434795,
10,Lund_Circle_2deg,BCEA68_A_deg,WR,-0.06530807083432813,
11,Lund_Circle_2deg,BCEA68_A_deg,SD,-0.08880615843429812,
12,Lund_Circle_2deg,BCEA95_HV_deg^2,WR,0.6641527282625626,
13,Lund_Circle_2deg,BCEA95_HV_deg^2,SD,0.5596417584347939,
14,Lund_Circle_2deg,BCEA98_HV_deg^2,WR,0.6641527282625616,
15,Lund_Circle_2deg,BCEA98_HV_deg^2,SD,0.5596417584347949,
16,Lund_Circle_2deg,P2_HV_%,WR,0.4724971923553797,
17,Lund_Circle_2deg,P2_HV_%,SD,0.5225228604679854,
18,Lund_Circle_2deg,P4_HV_%,WR,0.7160034984415813,
19,Lund_Circle_2deg,P4_HV_%,SD,0.3043921682441326,
20,Lund_Circle_2deg,fixation_stability_H_%,WR,0.6494320737740341,
21,Lund_Circle_2deg,fixation_stability_H_%,SD,0.5503085805824506,
22,Lund_Circle_2deg,fixation_stability_V_%,WR,0.4952132081655768,
23,Lund_Circle_2deg,fixation_stability_V_%,SD,0.6091564670186856,
24,Lund_Circle_2deg,blinks_count_HV_%,WR,0.39840254631714866,
25,Lund_Circle_2deg,blinks_count_HV_%,SD,0.15425660926509818,
26,Lund_Circle_2deg,blinks_percentage_HV_%,WR,0.33400424236821025,
27,Lund_Circle_2deg,blinks_percentage_HV_%,SD,0.2311410592493489,
28,Lund_Circle_2deg,blinks_frequency_HV_Hz,WR,0.39852000328806386,
29,Lund_Circle_2deg,blinks_frequency_HV_Hz,SD,0.15424407711962929,
30,Lund_Circle_2deg,blinks_duration_HV_s,WR,0.3339527483050643,
31,Lund_Circle_2deg,blinks_duration_HV_s,SD,0.2307845822881753,
32,Lund_Circle_2deg,drifts_count_HV_s,WR,0.7887615145808945,
33,Lund_Circle_2deg,drifts_count_HV_s,SD,0.44051525781750944,
34,Lund_Circle_2deg,drifts_percentage_HV_%,WR,0.6240869466692684,
35,Lund_Circle_2deg,drifts_percentage_HV_%,SD,0.3422554625453869,
36,Lund_Circle_2deg,drifts_frequency_HV_Hz,WR,0.6865376381020967,
37,Lund_Circle_2deg,drifts_frequency_HV_Hz,SD,0.5946530662804501,
38,Lund_Circle_2deg,drifts_duration_HV_s,WR,0.2695327681249945,
39,Lund_Circle_2deg,drifts_duration_HV_s,SD,0.6345714132018635,
40,Lund_Circle_2deg,saccades_count_HV_s,WR,0.6327029425059012,
41,Lund_Circle_2deg,saccades_count_HV_s,SD,0.5063919446163979,
42,Lund_Circle_2deg,saccades_percentage_HV_%,WR,0.7040950381350597,
43,Lund_Circle_2deg,saccades_percentage_HV_%,SD,0.42560069062944517,
44,Lund_Circle_2deg,saccades_frequency_HV_Hz,WR,0.7286855480869892,
45,Lund_Circle_2deg,saccades_frequency_HV_Hz,SD,0.3734729409724053,
46,Lund_Circle_2deg,saccades_duration_HV_s,WR,0.6431459518013594,
47,Lund_Circle_2deg,saccades_duration_HV_s,SD,0.5966053562482518,
48,Lund_Circle_2deg,pso_count_HV_s,WR,0.6839869081742597,*
49,Lund_Circle_2deg,pso_count_HV_s,SD,0.6262800957619723,*
50,Lund_Circle_2deg,pso_percentage_HV_%,WR,0.6405579167831063,
51,Lund_Circle_2deg,pso_percentage_HV_%,SD,0.506698650500765,
52,Lund_Circle_2deg,saccade+pso_frequency_HV_Hz,WR,0.6924487799577361,
53,Lund_Circle_2deg,saccade+pso_frequency_HV_Hz,SD,0.5899461178474651,
54,Lund_Circle_2deg,pso_duration_HV_s,WR,0.6661755676795467,
55,Lund_Circle_2deg,pso_duration_HV_s,SD,0.5386303866107842,
56,Lund_Circle_2deg,excluded_percentage_HV_%,WR,0.023014673902549503,
57,Lund_Circle_2deg,excluded_percentage_HV_%,SD,0.6617815684524806,
58,Lund_Circle_2deg,valid_data_percentage_HV_%,WR,0.18985919226235615,
59,Lund_Circle_2deg,valid_data_percentage_HV_%,SD,0.6953442189727476,
60,Fixation_30s_PF,measurement_duration_HV_s,WR,-0.041192729461748345,
61,Fixation_30s_PF,measurement_duration_HV_s,SD,0.06881939267268936,
62,Fixation_30s_PF,trajectory_length_HV_deg,WR,0.5683134841245168,
63,Fixation_30s_PF,trajectory_length_HV_deg,SD,0.6780658080322217,
64,Fixation_30s_PF,trajectory_length_H_deg,WR,0.60811839605108,*
65,Fixation_30s_PF,trajectory_length_H_deg,SD,0.7007277724917286,*
66,Fixation_30s_PF,trajectory_length_V_deg,WR,0.3474593683835324,
67,Fixation_30s_PF,trajectory_length_V_deg,SD,0.4552070496169919,
68,Fixation_30s_PF,BCEA68_HV_deg^2,WR,0.1729234463314344,
69,Fixation_30s_PF,BCEA68_HV_deg^2,SD,-0.010835888619842545,
70,Fixation_30s_PF,BCEA68_A_deg,WR,-0.022888884765353515,
71,Fixation_30s_PF,BCEA68_A_deg,SD,0.1415890759974806,
72,Fixation_30s_PF,BCEA95_HV_deg^2,WR,0.17292344633143455,
73,Fixation_30s_PF,BCEA95_HV_deg^2,SD,-0.010835888619842556,
74,Fixation_30s_PF,BCEA98_HV_deg^2,WR,0.17292344633143442,
75,Fixation_30s_PF,BCEA98_HV_deg^2,SD,-0.010835888619842544,
76,Fixation_30s_PF,P2_HV_%,WR,0.2288417330067464,
77,Fixation_30s_PF,P2_HV_%,SD,0.0020522808267487923,
78,Fixation_30s_PF,P4_HV_%,WR,0.11788526499210623,
79,Fixation_30s_PF,P4_HV_%,SD,-0.021313297373732724,
80,Fixation_30s_PF,fixation_stability_H_%,WR,0.5545644234495909,
81,Fixation_30s_PF,fixation_stability_H_%,SD,0.39530604594943075,
82,Fixation_30s_PF,fixation_stability_V_%,WR,0.36723244872918354,
83,Fixation_30s_PF,fixation_stability_V_%,SD,0.26344368331316187,
84,Fixation_30s_PF,blinks_count_HV_%,WR,0.7466491502311505,
85,Fixation_30s_PF,blinks_count_HV_%,SD,-0.021488197467747727,
86,Fixation_30s_PF,blinks_percentage_HV_%,WR,0.5917438269682262,
87,Fixation_30s_PF,blinks_percentage_HV_%,SD,-0.012495839758422592,
88,Fixation_30s_PF,blinks_frequency_HV_Hz,WR,0.7463736386403638,
89,Fixation_30s_PF,blinks_frequency_HV_Hz,SD,-0.02144040765080928,
90,Fixation_30s_PF,blinks_duration_HV_s,WR,0.5922087275884681,
91,Fixation_30s_PF,blinks_duration_HV_s,SD,-0.01248918142106045,
92,Fixation_30s_PF,drifts_count_HV_s,WR,0.5487612728802089,
93,Fixation_30s_PF,drifts_count_HV_s,SD,0.4686554063938248,
94,Fixation_30s_PF,drifts_percentage_HV_%,WR,0.5375485123378666,
95,Fixation_30s_PF,drifts_percentage_HV_%,SD,0.5128537739046455,
96,Fixation_30s_PF,drifts_frequency_HV_Hz,WR,0.5105452178948936,
97,Fixation_30s_PF,drifts_frequency_HV_Hz,SD,0.5610632102219573,
98,Fixation_30s_PF,drifts_duration_HV_s,WR,0.29649444512964407,
99,Fixation_30s_PF,drifts_duration_HV_s,SD,0.7235615529212868,
100,Fixation_30s_PF,saccades_count_HV_s,WR,0.5333838939019873,
101,Fixation_30s_PF,saccades_count_HV_s,SD,0.673463089870919,
102,Fixation_30s_PF,saccades_percentage_HV_%,WR,0.5020182782117281,
103,Fixation_30s_PF,saccades_percentage_HV_%,SD,0.4295659401841265,
104,Fixation_30s_PF,saccades_frequency_HV_Hz,WR,0.5910134481356353,
105,Fixation_30s_PF,saccades_frequency_HV_Hz,SD,0.5130877364816085,
106,Fixation_30s_PF,saccades_duration_HV_s,WR,0.47186778471065294,
107,Fixation_30s_PF,saccades_duration_HV_s,SD,0.6267071090718827,
108,Fixation_30s_PF,pso_count_HV_s,WR,0.6884206223683156,*
109,Fixation_30s_PF,pso_count_HV_s,SD,0.7211381332307989,*
110,Fixation_30s_PF,pso_percentage_HV_%,WR,0.6378759569705595,*
111,Fixation_30s_PF,pso_percentage_HV_%,SD,0.6359205815486473,*
112,Fixation_30s_PF,saccade+pso_frequency_HV_Hz,WR,0.7168437595591172,*
113,Fixation_30s_PF,saccade+pso_frequency_HV_Hz,SD,0.6786748155813102,*
114,Fixation_30s_PF,pso_duration_HV_s,WR,0.6501625771232384,*
115,Fixation_30s_PF,pso_duration_HV_s,SD,0.6748448959987823,*
116,Fixation_30s_PF,excluded_percentage_HV_%,WR,0.06975643147413509,
117,Fixation_30s_PF,excluded_percentage_HV_%,SD,0.7025983012844826,
118,Fixation_30s_PF,valid_data_percentage_HV_%,WR,0.18808449287912912,
119,Fixation_30s_PF,valid_data_percentage_HV_%,SD,0.7438651531676387,
120,Smooth_Pursuit_Slow,measurement_duration_HV_s,WR,-0.11432923078989288,
121,Smooth_Pursuit_Slow,measurement_duration_HV_s,SD,0.03391133509883105,
122,Smooth_Pursuit_Slow,trajectory_length_HV_deg,WR,0.9213145850963972,*
123,Smooth_Pursuit_Slow,trajectory_length_HV_deg,SD,0.704674558171972,*
124,Smooth_Pursuit_Slow,trajectory_length_H_deg,WR,0.9004745837014407,*
125,Smooth_Pursuit_Slow,trajectory_length_H_deg,SD,0.7483184649320362,*
126,Smooth_Pursuit_Slow,trajectory_length_V_deg,WR,0.7947327842666233,
127,Smooth_Pursuit_Slow,trajectory_length_V_deg,SD,0.5570161240409147,
128,Smooth_Pursuit_Slow,BCEA68_HV_deg^2,WR,-0.10670329309923732,
129,Smooth_Pursuit_Slow,BCEA68_HV_deg^2,SD,0.6085438377430202,
130,Smooth_Pursuit_Slow,BCEA68_A_deg,WR,0.2355333279325971,
131,Smooth_Pursuit_Slow,BCEA68_A_deg,SD,0.550887387520889,
132,Smooth_Pursuit_Slow,BCEA95_HV_deg^2,WR,-0.1067032930992372,
133,Smooth_Pursuit_Slow,BCEA95_HV_deg^2,SD,0.6085438377430201,
134,Smooth_Pursuit_Slow,BCEA98_HV_deg^2,WR,-0.10670329309923739,
135,Smooth_Pursuit_Slow,BCEA98_HV_deg^2,SD,0.6085438377430196,
136,Smooth_Pursuit_Slow,P2_HV_%,WR,0.0401836386338449,
137,Smooth_Pursuit_Slow,P2_HV_%,SD,0.6741505150622664,
138,Smooth_Pursuit_Slow,P4_HV_%,WR,0.038821104598526786,
139,Smooth_Pursuit_Slow,P4_HV_%,SD,0.1367822190055272,
140,Smooth_Pursuit_Slow,fixation_stability_H_%,WR,0.08414801151936407,
141,Smooth_Pursuit_Slow,fixation_stability_H_%,SD,0.4966188396565467,
142,Smooth_Pursuit_Slow,fixation_stability_V_%,WR,0.1500904801617148,
143,Smooth_Pursuit_Slow,fixation_stability_V_%,SD,0.6113748979767599,
144,Smooth_Pursuit_Slow,blinks_count_HV_%,WR,0.26693859052798546,
145,Smooth_Pursuit_Slow,blinks_count_HV_%,SD,0.1687161829808163,
146,Smooth_Pursuit_Slow,blinks_percentage_HV_%,WR,0.3426596955932467,
147,Smooth_Pursuit_Slow,blinks_percentage_HV_%,SD,0.16452655137287356,
148,Smooth_Pursuit_Slow,blinks_frequency_HV_Hz,WR,0.2669097104918396,
149,Smooth_Pursuit_Slow,blinks_frequency_HV_Hz,SD,0.16869242328702566,
150,Smooth_Pursuit_Slow,blinks_duration_HV_s,WR,0.3430528086859863,
151,Smooth_Pursuit_Slow,blinks_duration_HV_s,SD,0.16455797814881562,
152,Smooth_Pursuit_Slow,drifts_count_HV_s,WR,0.8251748251748253,*
153,Smooth_Pursuit_Slow,drifts_count_HV_s,SD,0.728539662270756,*
154,Smooth_Pursuit_Slow,drifts_percentage_HV_%,WR,0.8382577994549678,*
155,Smooth_Pursuit_Slow,drifts_percentage_HV_%,SD,0.7342015327374729,*
156,Smooth_Pursuit_Slow,drifts_frequency_HV_Hz,WR,0.8526660637432413,*
157,Smooth_Pursuit_Slow,drifts_frequency_HV_Hz,SD,0.8557223843494942,*
158,Smooth_Pursuit_Slow,drifts_duration_HV_s,WR,0.6679066196768234,*
159,Smooth_Pursuit_Slow,drifts_duration_HV_s,SD,0.7166103807950176,*
160,Smooth_Pursuit_Slow,saccades_count_HV_s,WR,0.791846025025651,
161,Smooth_Pursuit_Slow,saccades_count_HV_s,SD,0.5267545038988973,
162,Smooth_Pursuit_Slow,saccades_percentage_HV_%,WR,0.8274318722740391,*
163,Smooth_Pursuit_Slow,saccades_percentage_HV_%,SD,0.6530559538268865,*
164,Smooth_Pursuit_Slow,saccades_frequency_HV_Hz,WR,0.8312123083307832,*
165,Smooth_Pursuit_Slow,saccades_frequency_HV_Hz,SD,0.7368586191223885,*
166,Smooth_Pursuit_Slow,saccades_duration_HV_s,WR,0.7900340174436844,
167,Smooth_Pursuit_Slow,saccades_duration_HV_s,SD,0.46734109354302983,
168,Smooth_Pursuit_Slow,pso_count_HV_s,WR,0.8780652290070395,*
169,Smooth_Pursuit_Slow,pso_count_HV_s,SD,0.7876012936516591,*
170,Smooth_Pursuit_Slow,pso_percentage_HV_%,WR,0.7800084439325221,*
171,Smooth_Pursuit_Slow,pso_percentage_HV_%,SD,0.8107359295799589,*
172,Smooth_Pursuit_Slow,saccade+pso_frequency_HV_Hz,WR,0.8802294331601797,*
173,Smooth_Pursuit_Slow,saccade+pso_frequency_HV_Hz,SD,0.8597548632417734,*
174,Smooth_Pursuit_Slow,pso_duration_HV_s,WR,0.7818999064697849,*
175,Smooth_Pursuit_Slow,pso_duration_HV_s,SD,0.7401581226573359,*
176,Smooth_Pursuit_Slow,excluded_percentage_HV_%,WR,0.19104476303166462,
177,Smooth_Pursuit_Slow,excluded_percentage_HV_%,SD,0.4300662455852964,
178,Smooth_Pursuit_Slow,valid_data_percentage_HV_%,WR,0.38760431693144204,
179,Smooth_Pursuit_Slow,valid_data_percentage_HV_%,SD,0.6752432671281969,
180,Antisaccade_vertical_SW,measurement_duration_HV_s,WR,-0.10233826075758973,
181,Antisaccade_vertical_SW,measurement_duration_HV_s,SD,-0.2073443920674226,
182,Antisaccade_vertical_SW,trajectory_length_HV_deg,WR,0.01956901787714209,
183,Antisaccade_vertical_SW,trajectory_length_HV_deg,SD,0.4698990048168284,
184,Antisaccade_vertical_SW,trajectory_length_H_deg,WR,0.5670837628328248,
185,Antisaccade_vertical_SW,trajectory_length_H_deg,SD,0.5124785955564263,
186,Antisaccade_vertical_SW,trajectory_length_V_deg,WR,-0.21880470744008926,
187,Antisaccade_vertical_SW,trajectory_length_V_deg,SD,0.27312303464911025,
188,Antisaccade_vertical_SW,BCEA68_HV_deg^2,WR,0.3142651181575081,
189,Antisaccade_vertical_SW,BCEA68_HV_deg^2,SD,0.6394983837312059,
190,Antisaccade_vertical_SW,BCEA68_A_deg,WR,0.04130472059982361,
191,Antisaccade_vertical_SW,BCEA68_A_deg,SD,0.9995087327070593,
192,Antisaccade_vertical_SW,BCEA95_HV_deg^2,WR,0.31426511815750785,
193,Antisaccade_vertical_SW,BCEA95_HV_deg^2,SD,0.639498383731206,
194,Antisaccade_vertical_SW,BCEA98_HV_deg^2,WR,0.31426511815750796,
195,Antisaccade_vertical_SW,BCEA98_HV_deg^2,SD,0.6394983837312064,
196,Antisaccade_vertical_SW,P2_HV_%,WR,0.6518860495312329,*
197,Antisaccade_vertical_SW,P2_HV_%,SD,0.7433635688575817,*
198,Antisaccade_vertical_SW,P4_HV_%,WR,0.5028286799947621,
199,Antisaccade_vertical_SW,P4_HV_%,SD,0.6418259476615534,
200,Antisaccade_vertical_SW,fixation_stability_H_%,WR,0.6184231038186585,
201,Antisaccade_vertical_SW,fixation_stability_H_%,SD,0.5943572969260206,
202,Antisaccade_vertical_SW,fixation_stability_V_%,WR,0.1976786745751736,
203,Antisaccade_vertical_SW,fixation_stability_V_%,SD,0.5524535600937582,
204,Antisaccade_vertical_SW,blinks_count_HV_%,WR,-0.16915672315251173,
205,Antisaccade_vertical_SW,blinks_count_HV_%,SD,0.9346295675494467,
206,Antisaccade_vertical_SW,blinks_percentage_HV_%,WR,0.14999774985336534,
207,Antisaccade_vertical_SW,blinks_percentage_HV_%,SD,0.8111693069073169,
208,Antisaccade_vertical_SW,blinks_frequency_HV_Hz,WR,-0.16884498856119023,
209,Antisaccade_vertical_SW,blinks_frequency_HV_Hz,SD,0.9343599699095279,
210,Antisaccade_vertical_SW,blinks_duration_HV_s,WR,0.14976819715441575,
211,Antisaccade_vertical_SW,blinks_duration_HV_s,SD,0.8111877029253549,
212,Antisaccade_vertical_SW,drifts_count_HV_s,WR,0.4801110312523235,
213,Antisaccade_vertical_SW,drifts_count_HV_s,SD,0.08199643493761129,
214,Antisaccade_vertical_SW,drifts_percentage_HV_%,WR,0.6310837948433681,
215,Antisaccade_vertical_SW,drifts_percentage_HV_%,SD,0.30324788732863095,
216,Antisaccade_vertical_SW,drifts_frequency_HV_Hz,WR,0.6734931128607213,
217,Antisaccade_vertical_SW,drifts_frequency_HV_Hz,SD,0.4604805108976795,
218,Antisaccade_vertical_SW,drifts_duration_HV_s,WR,0.5533770691601131,
219,Antisaccade_vertical_SW,drifts_duration_HV_s,SD,0.8530803545821555,
220,Antisaccade_vertical_SW,saccades_count_HV_s,WR,0.6265435753272401,
221,Antisaccade_vertical_SW,saccades_count_HV_s,SD,0.39794875903928206,
222,Antisaccade_vertical_SW,saccades_percentage_HV_%,WR,0.6841929812893695,
223,Antisaccade_vertical_SW,saccades_percentage_HV_%,SD,0.3179174599119413,
224,Antisaccade_vertical_SW,saccades_frequency_HV_Hz,WR,0.810832138136828,
225,Antisaccade_vertical_SW,saccades_frequency_HV_Hz,SD,0.3100516919341934,
226,Antisaccade_vertical_SW,saccades_duration_HV_s,WR,0.5740452113132845,
227,Antisaccade_vertical_SW,saccades_duration_HV_s,SD,0.5085322341642114,
228,Antisaccade_vertical_SW,pso_count_HV_s,WR,0.5108836099791273,
229,Antisaccade_vertical_SW,pso_count_HV_s,SD,0.41082836570305314,
230,Antisaccade_vertical_SW,pso_percentage_HV_%,WR,0.7191366434552925,
231,Antisaccade_vertical_SW,pso_percentage_HV_%,SD,0.3164681596353816,
232,Antisaccade_vertical_SW,saccade+pso_frequency_HV_Hz,WR,0.779083303461795,
233,Antisaccade_vertical_SW,saccade+pso_frequency_HV_Hz,SD,0.37286543833726166,
234,Antisaccade_vertical_SW,pso_duration_HV_s,WR,0.5919149380128372,
235,Antisaccade_vertical_SW,pso_duration_HV_s,SD,0.34604252070968167,
236,Antisaccade_vertical_SW,excluded_percentage_HV_%,WR,0.3655158949895953,
237,Antisaccade_vertical_SW,excluded_percentage_HV_%,SD,0.909597820612221,
238,Antisaccade_vertical_SW,valid_data_percentage_HV_%,WR,0.5373895471672062,
239,Antisaccade_vertical_SW,valid_data_percentage_HV_%,SD,0.8572588073616536,
240,Antisaccade_horizontal_SW,measurement_duration_HV_s,WR,-0.16455563697253534,
241,Antisaccade_horizontal_SW,measurement_duration_HV_s,SD,0.0513188023283399,
242,Antisaccade_horizontal_SW,trajectory_length_HV_deg,WR,0.9024460752034718,*
243,Antisaccade_horizontal_SW,trajectory_length_HV_deg,SD,0.8779714179241688,*
244,Antisaccade_horizontal_SW,trajectory_length_H_deg,WR,0.9028549622715882,*
245,Antisaccade_horizontal_SW,trajectory_length_H_deg,SD,0.889560818630654,*
246,Antisaccade_horizontal_SW,trajectory_length_V_deg,WR,0.7973546153767841,
247,Antisaccade_horizontal_SW,trajectory_length_V_deg,SD,0.33946163995048145,
248,Antisaccade_horizontal_SW,BCEA68_HV_deg^2,WR,0.5390038507829955,
249,Antisaccade_horizontal_SW,BCEA68_HV_deg^2,SD,0.5981323248355634,
250,Antisaccade_horizontal_SW,BCEA68_A_deg,WR,0.3275250478061199,
251,Antisaccade_horizontal_SW,BCEA68_A_deg,SD,0.6431397139856806,
252,Antisaccade_horizontal_SW,BCEA95_HV_deg^2,WR,0.5390038507829958,
253,Antisaccade_horizontal_SW,BCEA95_HV_deg^2,SD,0.5981323248355632,
254,Antisaccade_horizontal_SW,BCEA98_HV_deg^2,WR,0.5390038507829958,
255,Antisaccade_horizontal_SW,BCEA98_HV_deg^2,SD,0.5981323248355629,
256,Antisaccade_horizontal_SW,P2_HV_%,WR,0.84363419108269,*
257,Antisaccade_horizontal_SW,P2_HV_%,SD,0.9073984419607082,*
258,Antisaccade_horizontal_SW,P4_HV_%,WR,0.6330794404221364,*
259,Antisaccade_horizontal_SW,P4_HV_%,SD,0.9319887718134862,*
260,Antisaccade_horizontal_SW,fixation_stability_H_%,WR,0.8013757289612247,*
261,Antisaccade_horizontal_SW,fixation_stability_H_%,SD,0.8128328102810459,*
262,Antisaccade_horizontal_SW,fixation_stability_V_%,WR,0.6821137013997404,
263,Antisaccade_horizontal_SW,fixation_stability_V_%,SD,0.3216992882356554,
264,Antisaccade_horizontal_SW,blinks_count_HV_%,WR,0.6189536031589339,*
265,Antisaccade_horizontal_SW,blinks_count_HV_%,SD,0.791516894320633,*
266,Antisaccade_horizontal_SW,blinks_percentage_HV_%,WR,0.6971553449780286,*
267,Antisaccade_horizontal_SW,blinks_percentage_HV_%,SD,0.8446299535385975,*
268,Antisaccade_horizontal_SW,blinks_frequency_HV_Hz,WR,0.6189968070580398,*
269,Antisaccade_horizontal_SW,blinks_frequency_HV_Hz,SD,0.791551709598457,*
270,Antisaccade_horizontal_SW,blinks_duration_HV_s,WR,0.6971563202008891,*
271,Antisaccade_horizontal_SW,blinks_duration_HV_s,SD,0.8446657086315887,*
272,Antisaccade_horizontal_SW,drifts_count_HV_s,WR,0.9327803345006046,*
273,Antisaccade_horizontal_SW,drifts_count_HV_s,SD,0.8611111111111108,*
274,Antisaccade_horizontal_SW,drifts_percentage_HV_%,WR,0.8104002913991415,
275,Antisaccade_horizontal_SW,drifts_percentage_HV_%,SD,0.4177294026712917,
276,Antisaccade_horizontal_SW,drifts_frequency_HV_Hz,WR,0.8886720620115308,*
277,Antisaccade_horizontal_SW,drifts_frequency_HV_Hz,SD,0.8879061069075375,*
278,Antisaccade_horizontal_SW,drifts_duration_HV_s,WR,0.6260842738338602,*
279,Antisaccade_horizontal_SW,drifts_duration_HV_s,SD,0.8796652782070185,*
280,Antisaccade_horizontal_SW,saccades_count_HV_s,WR,0.8749323142488734,*
281,Antisaccade_horizontal_SW,saccades_count_HV_s,SD,0.6674430641821946,*
282,Antisaccade_horizontal_SW,saccades_percentage_HV_%,WR,0.9204482255576776,*
283,Antisaccade_horizontal_SW,saccades_percentage_HV_%,SD,0.6331091223493781,*
284,Antisaccade_horizontal_SW,saccades_frequency_HV_Hz,WR,0.9391769026906533,*
285,Antisaccade_horizontal_SW,saccades_frequency_HV_Hz,SD,0.7028366221634316,*
286,Antisaccade_horizontal_SW,saccades_duration_HV_s,WR,0.9066126765146812,*
287,Antisaccade_horizontal_SW,saccades_duration_HV_s,SD,0.6282425842184134,*
288,Antisaccade_horizontal_SW,pso_count_HV_s,WR,0.8496760078302468,*
289,Antisaccade_horizontal_SW,pso_count_HV_s,SD,0.7225280775159654,*
290,Antisaccade_horizontal_SW,pso_percentage_HV_%,WR,0.6630382154307191,*
291,Antisaccade_horizontal_SW,pso_percentage_HV_%,SD,0.714304527643229,*
292,Antisaccade_horizontal_SW,saccade+pso_frequency_HV_Hz,WR,0.7842072959544212,*
293,Antisaccade_horizontal_SW,saccade+pso_frequency_HV_Hz,SD,0.6659775192618506,*
294,Antisaccade_horizontal_SW,pso_duration_HV_s,WR,0.7348302575712087,*
295,Antisaccade_horizontal_SW,pso_duration_HV_s,SD,0.7549073818576022,*
296,Antisaccade_horizontal_SW,excluded_percentage_HV_%,WR,0.29867783944841664,
297,Antisaccade_horizontal_SW,excluded_percentage_HV_%,SD,0.8278203940660777,
298,Antisaccade_horizontal_SW,valid_data_percentage_HV_%,WR,0.507793210726853,
299,Antisaccade_horizontal_SW,valid_data_percentage_HV_%,SD,0.9462070487516729,
